{
  "Hit@1": 0.8207469449402719,
  "Hit@3": 0.9194699986269395,
  "Hit@5": 0.960970753810243,
  "Hit@10": 0.9864753535630921,
  "MRR": 0.8781338518609174
}